scenario,trial,tool,wall_s,max_rss_kb,opens,command
top100,1,ip-scan,2.211,30560256,5,"26882048  peak memory footprint"
top100,1,nmap,0.078,8581120,100,"5873664  peak memory footprint"
top100,2,ip-scan,0.768,11587584,0,"8196096  peak memory footprint"
top100,2,nmap,16.301,8601600,28,"5902336  peak memory footprint"
top100,3,ip-scan,0.701,11620352,0,"8228864  peak memory footprint"
top100,3,nmap,0.064,8560640,100,"5844992  peak memory footprint"
top1000,1,ip-scan,4.569,46440448,0,"40951808  peak memory footprint"
top1000,1,nmap,30.093,8634368,0,"5943296  peak memory footprint"
top1000,2,ip-scan,4.484,44847104,0,"40001536  peak memory footprint"
top1000,2,nmap,0.167,8843264,1000,"6144000  peak memory footprint"
top1000,3,ip-scan,5.332,44535808,0,"39133184  peak memory footprint"
top1000,3,nmap,30.162,8650752,0,"5943296  peak memory footprint"
1-1024,1,ip-scan,4.575,45961216,0,"40886272  peak memory footprint"
1-1024,1,nmap,30.150,8663040,0,"5967872  peak memory footprint"
1-1024,2,ip-scan,4.637,45850624,0,"40054784  peak memory footprint"
1-1024,2,nmap,0.430,8822784,1022,"6119424  peak memory footprint"
1-1024,3,ip-scan,5.616,44695552,0,"39170048  peak memory footprint"
1-1024,3,nmap,0.160,8822784,1024,"6127616  peak memory footprint"
top100-public-sweep,1,ip-scan,0.740,11665408,0,"8278016  peak memory footprint"
top100-public-sweep,1,nmap,6.199,8572928,0,"5861376  peak memory footprint"
top100-public-sweep,2,ip-scan,0.705,11595776,0,"8208384  peak memory footprint"
top100-public-sweep,2,nmap,6.292,8601600,0,"5902336  peak memory footprint"
top100-public-sweep,3,ip-scan,0.709,11616256,0,"8216576  peak memory footprint"
top100-public-sweep,3,nmap,4.355,8560640,64,"5849088  peak memory footprint"
